time;mutants;score
9709;2625;59.085712
9791;2625;59.085712
9547;2625;59.085712
9503;2625;59.085712
9742;2625;59.085712
