time;mutants;score
871;1141;63.540752
856;1141;63.540752
817;1141;63.540752
929;1141;63.540752
837;1141;63.540752
