time;mutants;score
15964;5066;45.992893
15883;5066;45.992893
15928;5066;45.992893
15986;5066;45.992893
16331;5066;45.992893
