time;mutants;score
547380;4400;57.477272
539645;4400;57.454544
516747;4400;57.454544
520481;4400;57.386364
524544;4400;57.43182
