time;mutants;score
283;488;73.36066
262;488;73.36066
275;488;73.36066
281;488;73.36066
288;488;73.36066
