time;mutants;score
3724;926;28.077753
3701;926;28.077753
3901;926;28.077753
3753;926;28.077753
3751;926;28.077753
