time;mutants;score
51293;13380;16.38266
52414;13380;16.38266
57205;13380;16.38266
58214;13380;16.38266
59791;13380;16.38266
