time;mutants;score
31180;87;45.977000000000004
19240;87;45.977000000000004
18900;87;45.977000000000004
19330;87;45.977000000000004
19330;87;45.977000000000004
