time;mutants;score
8472;1728;36.11111
8668;1728;36.11111
8836;1728;36.11111
8404;1728;36.11111
8483;1728;36.11111
