time;mutants;score
5653;1147;35.832607
5316;1147;35.832607
5175;1147;35.832607
5189;1147;35.832607
5259;1147;35.832607
