time;mutants;score
54550;62;58.064499999999995
47760;62;58.064499999999995
47990;62;58.064499999999995
51310;62;58.064499999999995
51220;62;58.064499999999995
