time;mutants;score
13187;1967;46.720894
12905;1967;46.720894
12858;1967;46.720894
12839;1967;46.720894
12953;1967;46.720894
