time;mutants;score
118220;114;67.54390000000001
105060;114;67.54390000000001
105200;114;67.54390000000001
104780;114;67.54390000000001
105120;114;67.54390000000001
